Designator,Footprint,Quantity,Value,LCSC Part #
"D1, D10, D11, D12, D13, D14, D15, D16, D17, D18, D19, D2, D20, D21, D22, D23, D24, D25, D26, D27, D28, D29, D3, D30, D31, D32, D33, D34, D35, D36, D37, D38, D39, D4, D40, D41, D42, D43, D44, D45, D46, D47, D48, D49, D5, D50, D51, D52, D53, D54, D55, D56, D57, D58, D59, D6, D60, D61, D62, D63, D64, D65, D66, D67, D68, D69, D7, D70, D71, D72, D73, D74, D75, D76, D77, D78, D79, D8, D80, D9",D_MiniMELF_Handsoldering,80,1N4148,
J1,OLED_SSD1306_I2C_0.96,1,Conn_01x04,
"J2, J3, J4, J5",PinHeader_1x01_P2.54mm_Vertical,4,Conn_01x01,
"R1, R2, R3",R_Axial_DIN0204_L3.6mm_D1.6mm_P5.08mm_Horizontal,3,5k,
"S1, S2, S3, S4",STAB_MX_P_2u,4,MX_stab,
S5,STAB_MX_P_6.25u,1,MX_stab,
"SW1, SW10, SW11, SW12, SW13, SW14, SW15, SW16, SW17, SW18, SW19, SW2, SW20, SW21, SW22, SW23, SW24, SW25, SW26, SW27, SW28, SW29, SW3, SW30, SW31, SW32, SW33, SW34, SW35, SW36, SW37, SW38, SW39, SW4, SW40, SW41, SW42, SW43, SW44, SW45, SW46, SW47, SW48, SW49, SW5, SW50, SW51, SW52, SW53, SW54, SW55, SW56, SW57, SW58, SW59, SW6, SW60, SW61, SW62, SW63, SW64, SW65, SW66, SW67, SW68, SW69, SW7, SW70, SW71, SW72, SW73, SW74, SW75, SW76, SW77, SW78, SW79, SW8, SW80, SW9",SW_MX_1u,80,SW_Push,
SW_EC11,RotaryEncoder_Alps_EC11E-Switch_Vertical_H20mm_MountingHoles,1,RotaryEncoder_Switch_MP,
U1,WEMOS_S2_mini,1,WeMos_S3_mini,
