Designator,Mid X,Mid Y,Rotation,Layer
D1,-26.0,175.3,180.0,bottom
D10,16.9,89.5,180.0,bottom
D11,2.6,70.5,180.0,bottom
D12,26.4,70.5,180.0,bottom
D13,12.2,175.3,180.0,bottom
D14,12.2,146.6,180.0,bottom
D15,21.7,127.8,180.0,bottom
D16,26.5,108.6,180.0,bottom
D17,36.1,89.6,180.0,bottom
D18,31.2,175.2,180.0,bottom
D19,31.3,146.6,180.0,bottom
D2,-25.9,146.7,180.0,bottom
D20,40.7,127.7,180.0,bottom
D21,45.5,108.6,180.0,bottom
D22,55.0,89.5,180.0,bottom
D23,50.3,175.2,180.0,bottom
D24,50.3,146.7,180.0,bottom
D25,59.7,127.6,180.0,bottom
D26,64.6,108.6,180.0,bottom
D27,74.1,89.6,180.0,bottom
D28,69.3,175.3,180.0,bottom
D29,69.3,146.7,180.0,bottom
D3,-21.1,127.6,180.0,bottom
D30,78.9,127.7,180.0,bottom
D31,83.7,108.6,180.0,bottom
D32,93.1,89.6,180.0,bottom
D33,97.9,70.5,180.0,bottom
D34,97.9,175.3,180.0,bottom
D35,88.4,146.7,180.0,bottom
D36,97.9,127.6,180.0,bottom
D37,102.6,108.6,180.0,bottom
D38,112.2,89.5,180.0,bottom
D39,116.9,175.3,180.0,bottom
D4,-18.8,108.6,180.0,bottom
D40,107.5,146.7,180.0,bottom
D41,116.9,127.7,180.0,bottom
D42,121.7,108.6,180.0,bottom
D43,131.3,89.6,180.0,bottom
D44,136.0,175.3,180.0,bottom
D45,126.4,146.7,180.0,bottom
D46,136.0,127.6,180.0,bottom
D47,140.8,108.6,180.0,bottom
D48,150.3,89.6,180.0,bottom
D49,155.0,175.3,180.0,bottom
D5,-14.0,89.6,180.0,bottom
D50,145.5,146.7,180.0,bottom
D51,155.0,127.7,180.0,bottom
D52,159.8,108.6,180.0,bottom
D53,169.4,89.6,180.0,bottom
D54,169.3,70.5,180.0,bottom
D55,183.6,175.3,180.0,bottom
D56,164.5,146.7,180.0,bottom
D57,174.1,127.6,180.0,bottom
D58,178.9,108.6,180.0,bottom
D59,217.0,70.5,180.0,bottom
D6,-21.2,70.5,180.0,bottom
D60,193.2,70.5,180.0,bottom
D61,202.6,175.3,180.0,bottom
D62,183.5,146.8,180.0,bottom
D63,193.2,127.6,180.0,bottom
D64,197.9,108.6,180.0,bottom
D65,188.4,89.6,180.0,bottom
D66,221.7,175.3,180.0,bottom
D67,202.7,146.6,180.0,bottom
D68,212.2,127.7,180.0,bottom
D69,240.8,175.3,180.0,bottom
D7,-6.9,146.7,180.0,bottom
D70,231.3,146.7,180.0,bottom
D71,236.0,127.6,180.0,bottom
D72,228.9,108.6,180.0,bottom
D73,224.1,89.6,180.0,bottom
D74,240.8,70.5,180.0,bottom
D75,269.3,89.6,180.0,bottom
D76,288.3,89.6,180.0,bottom
D77,307.5,89.6,180.0,bottom
D78,269.3,70.5,180.0,bottom
D79,288.4,70.5,180.0,bottom
D8,2.7,127.7,180.0,bottom
D80,307.5,70.5,180.0,bottom
D9,7.4,108.6,180.0,bottom
J1,273.45,118.2,0.0,top
J2,296.42,115.5,90.0,top
J3,301.01,115.5,90.0,top
J4,305.6,115.5,90.0,top
J5,310.19,115.5,90.0,top
R1,268.2,188.4,0.0,top
R2,262.8,171.9,0.0,top
R3,273.26,171.9,0.0,top
S1,231.225,151.06805,0.0,top
S2,228.84375,112.96805,0.0,top
S3,-14.04375,93.91805,0.0,top
S4,224.08125,93.91805,0.0,top
S5,97.875,74.86805,0.0,top
SW1,-25.95,182.39305,0.0,top
SW10,16.9125,96.66805,0.0,top
SW11,2.625,77.61805,0.0,top
SW12,26.4375,77.61805,0.0,top
SW13,12.15,182.39305,0.0,top
SW14,12.15,153.81805,0.0,top
SW15,21.675,134.76805,0.0,top
SW16,26.4375,115.71805,0.0,top
SW17,35.9625,96.66805,0.0,top
SW18,31.2,182.39305,0.0,top
SW19,31.2,153.81805,0.0,top
SW2,-25.95,153.81805,0.0,top
SW20,40.725,134.76805,0.0,top
SW21,45.4875,115.71805,0.0,top
SW22,55.0125,96.66805,0.0,top
SW23,50.25,182.39305,0.0,top
SW24,50.25,153.81805,0.0,top
SW25,59.775,134.76805,0.0,top
SW26,64.5375,115.71805,0.0,top
SW27,74.0625,96.66805,0.0,top
SW28,69.3,182.39305,0.0,top
SW29,69.3,153.81805,0.0,top
SW3,-21.1875,134.76805,0.0,top
SW30,78.825,134.76805,0.0,top
SW31,83.5875,115.71805,0.0,top
SW32,93.1125,96.66805,0.0,top
SW33,97.875,77.61805,0.0,top
SW34,97.875,182.39305,0.0,top
SW35,88.35,153.81805,0.0,top
SW36,97.875,134.76805,0.0,top
SW37,102.6375,115.71805,0.0,top
SW38,112.1625,96.66805,0.0,top
SW39,116.925,182.39305,0.0,top
SW4,-18.80625,115.71805,0.0,top
SW40,107.4,153.81805,0.0,top
SW41,116.925,134.76805,0.0,top
SW42,121.6875,115.71805,0.0,top
SW43,131.2125,96.66805,0.0,top
SW44,135.975,182.39305,0.0,top
SW45,126.45,153.81805,0.0,top
SW46,135.975,134.76805,0.0,top
SW47,140.7375,115.71805,0.0,top
SW48,150.2625,96.66805,0.0,top
SW49,155.025,182.39305,0.0,top
SW5,-14.04375,96.66805,0.0,top
SW50,145.5,153.81805,0.0,top
SW51,155.025,134.76805,0.0,top
SW52,159.7875,115.71805,0.0,top
SW53,169.3125,96.66805,0.0,top
SW54,169.3125,77.61805,0.0,top
SW55,183.6,182.39305,0.0,top
SW56,164.55,153.81805,0.0,top
SW57,174.075,134.76805,0.0,top
SW58,178.8375,115.71805,0.0,top
SW59,216.9375,77.61805,0.0,top
SW6,-21.1875,77.61805,0.0,top
SW60,193.125,77.61805,0.0,top
SW61,202.65,182.39305,0.0,top
SW62,183.6,153.81805,0.0,top
SW63,193.125,134.76805,0.0,top
SW64,197.8875,115.71805,0.0,top
SW65,188.3625,96.66805,0.0,top
SW66,221.7,182.39305,0.0,top
SW67,202.65,153.81805,0.0,top
SW68,212.175,134.76805,0.0,top
SW69,240.75,182.39305,0.0,top
SW7,-6.9,153.81805,0.0,top
SW70,231.225,153.81805,0.0,top
SW71,235.9875,134.76805,0.0,top
SW72,228.84375,115.71805,0.0,top
SW73,224.08125,96.66805,0.0,top
SW74,240.75,77.61805,0.0,top
SW75,269.325,96.66805,0.0,top
SW76,288.375,96.66805,0.0,top
SW77,307.425,96.66805,0.0,top
SW78,269.325,77.61805,0.0,top
SW79,288.375,77.61805,0.0,top
SW8,2.625,134.76805,0.0,top
SW80,307.425,77.61805,0.0,top
SW9,7.3875,115.71805,0.0,top
SW_EC11,268.05,180.1,0.0,top
U1,303.91,172.31,180.0,top
